protoPayload.status.code,anonymous_principal,timestamp__epoch_s,logName__le,resource.labels.project_id__le,resource.labels.location__le,resource.labels.cluster_name__le,protoPayload.methodName__le,protoPayload.requestMetadata.callerSuppliedUserAgent__le,hour,dayofweek,is_weekend,timestamp_delay_s,anomaly,target
0,0,1730651887.0,3,3,1,4,12,7,16,6,1,51.0,-1,1
7,0,1720267159.0,3,3,3,0,9,6,11,5,1,127.0,-1,1
0,1,1709697932.0,3,3,5,2,8,6,4,2,0,257.0,-1,1
3,1,1734449091.0,3,3,1,2,14,1,15,1,0,5.0,-1,1
3,0,1726553364.0,3,3,1,2,14,6,6,1,0,76.0,-1,1
7,1,1733447521.0,3,3,0,2,9,2,1,4,0,86.0,-1,0
13,0,1721470594.0,3,3,1,0,8,7,10,5,1,40.0,-1,0
13,0,1721938892.0,3,3,0,4,13,6,20,3,0,49.0,-1,1
3,0,1735163128.0,3,3,0,6,8,3,21,2,0,155.0,-1,1
16,0,1721588949.0,3,3,3,6,13,7,19,6,1,64.0,-1,0
0,0,1728150256.0,3,3,3,2,12,2,17,5,1,158.0,-1,1
7,0,1715301518.0,3,3,1,0,8,6,0,4,0,203.0,-1,1
13,0,1712710484.0,3,3,3,0,13,6,0,2,0,186.0,-1,1
3,0,1728093229.0,3,3,0,5,8,7,1,5,1,150.0,-1,1
13,0,1727026209.0,3,3,3,2,9,3,17,6,1,55.0,-1,0
16,1,1734578887.0,3,3,5,6,14,6,3,3,0,76.0,-1,1
13,0,1720446400.0,3,3,5,0,14,3,13,0,0,224.0,-1,1
0,0,1727602409.0,3,3,5,5,12,1,9,6,1,29.0,-1,1
13,0,1734596393.0,3,3,5,2,9,2,8,3,0,50.0,-1,0
0,1,1724050548.0,3,3,1,6,13,1,6,0,0,95.0,-1,0
7,1,1712174566.0,3,3,5,4,14,2,20,2,0,114.0,-1,1
16,0,1714450468.0,3,3,3,5,9,1,4,1,0,87.0,-1,0
7,0,1715788039.0,3,3,0,6,14,7,15,2,0,106.0,-1,1
7,0,1704468978.0,3,3,3,4,12,3,15,4,0,163.0,-1,1
0,0,1726474268.0,3,3,3,5,14,7,8,0,0,134.0,-1,1
3,1,1716635594.0,3,3,5,0,9,1,11,5,1,115.0,-1,0
3,0,1732302733.0,3,3,5,5,13,1,19,4,0,166.0,-1,0
16,1,1712685438.0,3,3,1,4,14,1,17,1,0,185.0,-1,0
0,0,1707466672.0,3,3,5,2,9,1,8,4,0,117.0,-1,1
7,1,1708846344.0,3,3,0,5,8,3,7,6,1,256.0,-1,0
7,1,1704516506.0,3,3,0,5,14,3,4,5,1,92.0,-1,1
7,0,1709713999.0,3,3,0,6,14,1,8,2,0,281.0,-1,1
7,0,1729140749.0,3,3,0,6,9,7,4,3,0,152.0,-1,0
3,0,1719130135.0,3,3,3,5,12,2,8,6,1,28.0,-1,1
16,0,1705027403.0,3,3,1,6,14,3,2,4,0,159.0,-1,1
0,0,1713717932.0,3,3,3,2,9,3,16,6,1,234.0,-1,0
3,1,1721134316.0,3,3,3,4,14,7,12,1,0,35.0,-1,1
16,0,1704349534.0,3,3,5,2,12,2,6,3,0,15.0,-1,0
7,1,1713640356.0,3,3,5,4,13,6,19,5,1,97.0,-1,0
3,0,1727333102.0,3,3,0,0,14,7,6,3,0,195.0,-1,0
7,0,1709374366.0,3,3,3,2,9,3,10,5,1,177.0,-1,1
0,0,1713249959.0,3,3,1,2,12,3,6,1,0,153.0,-1,0
13,1,1710189363.0,3,3,0,6,9,2,20,0,0,42.0,-1,1
13,0,1712870021.0,3,3,1,2,8,7,21,3,0,287.0,-1,1
16,0,1733267400.0,3,3,1,0,14,6,23,1,0,131.0,-1,0
13,0,1731465631.0,3,3,5,6,14,2,2,2,0,34.0,-1,0
3,0,1715030362.0,3,3,1,6,8,3,21,0,0,59.0,-1,0
3,0,1717604845.0,3,3,1,4,14,1,16,2,0,193.0,-1,0
13,0,1730180873.0,3,3,0,2,12,2,5,1,0,241.0,-1,0
16,1,1721167236.0,3,3,3,6,12,2,22,1,0,287.0,-1,1
3,1,1705943048.0,3,3,5,5,9,3,17,0,0,260.0,-1,1
13,1,1732964630.0,3,3,1,4,8,1,11,5,1,172.0,-1,1
7,1,1709134709.0,3,3,1,2,13,1,15,2,0,141.0,-1,1
0,0,1708932580.0,3,3,5,6,13,7,7,0,0,83.0,-1,1
7,0,1733460771.0,3,3,5,4,12,2,4,4,0,159.0,-1,1
16,0,1705012793.0,3,3,5,0,13,2,22,3,0,199.0,-1,0
0,1,1721614761.0,3,3,1,2,9,7,2,0,0,100.0,-1,0
16,1,1705227071.0,3,3,5,0,13,2,10,6,1,76.0,-1,0
16,1,1716570797.0,3,3,0,2,14,2,17,4,0,130.0,-1,1
16,0,1724907208.0,3,3,0,6,13,1,4,3,0,230.0,-1,0
13,0,1724967999.0,3,3,5,0,14,1,21,3,0,196.0,-1,0
16,0,1719584298.0,3,3,0,2,14,7,14,4,0,25.0,-1,0
13,0,1722410372.0,3,3,0,4,13,2,7,2,0,249.0,-1,1
13,0,1727667938.0,3,3,1,4,12,7,3,0,0,254.0,-1,1
16,0,1704305589.0,3,3,0,0,12,1,18,2,0,118.0,-1,1
7,1,1713535629.0,3,3,3,5,8,3,14,4,0,145.0,-1,1
0,1,1716802528.0,3,3,0,2,8,3,9,0,0,67.0,-1,0
0,1,1716887298.0,3,3,1,4,14,1,9,1,0,89.0,-1,1
13,0,1719742154.0,3,3,1,5,13,6,10,6,1,284.0,-1,0
13,0,1706119326.0,3,3,0,4,8,7,18,2,0,97.0,-1,0
3,0,1706148422.0,3,3,5,4,12,3,2,3,0,220.0,-1,0
3,1,1723306037.0,3,3,1,0,9,7,16,5,1,126.0,-1,1
16,0,1715772564.0,3,3,0,4,8,7,11,2,0,119.0,-1,1
0,0,1735142439.0,3,3,5,6,14,3,16,2,0,243.0,-1,0
16,0,1723794085.0,3,3,1,4,9,2,7,4,0,237.0,-1,0
7,0,1727633815.0,3,3,3,5,12,3,18,6,1,187.0,-1,1
13,1,1718902897.0,3,3,1,2,9,6,17,3,0,159.0,-1,1
16,0,1705489134.0,3,3,5,4,8,2,10,2,0,208.0,-1,1
3,0,1708517144.0,3,3,1,4,8,6,12,2,0,270.0,-1,1
3,1,1711994169.0,3,3,3,4,8,6,17,0,0,251.0,-1,0
16,0,1726490137.0,3,3,5,6,12,7,12,0,0,103.0,-1,1
7,0,1735494704.0,3,3,0,6,13,6,17,6,1,137.0,-1,0
13,0,1718002463.0,3,3,5,5,12,3,6,0,0,296.0,-1,0
13,0,1721151805.0,3,3,1,2,13,2,17,1,0,130.0,-1,0
3,0,1721069259.0,3,3,0,2,13,2,18,0,0,40.0,-1,1
0,0,1708068374.0,3,3,5,2,12,7,7,4,0,117.0,-1,0
0,0,1709975119.0,3,3,1,6,8,6,9,5,1,83.0,-1,1
3,1,1706733968.0,3,3,0,0,14,3,20,2,0,194.0,-1,0
3,0,1719223448.0,3,3,5,2,12,6,10,0,0,53.0,-1,1
7,1,1712249732.0,3,3,0,5,8,1,16,3,0,248.0,-1,0
16,0,1717891395.0,3,3,0,4,14,1,0,6,1,152.0,-1,1
13,1,1721234401.0,3,3,3,5,9,7,16,2,0,118.0,-1,0
16,1,1716508812.0,3,3,3,2,8,2,0,4,0,276.0,-1,1
3,0,1712675894.0,3,3,3,5,12,1,15,1,0,108.0,-1,1
16,1,1731069293.0,3,3,0,5,12,7,12,4,0,154.0,-1,1
3,0,1732012213.0,3,3,5,4,12,3,10,1,0,27.0,-1,1
3,0,1724487035.0,3,3,3,0,12,3,8,5,1,206.0,-1,0
0,0,1726824345.0,3,3,5,6,14,3,9,4,0,41.0,-1,1
3,0,1712264657.0,3,3,0,6,13,7,21,3,0,289.0,-1,0
7,1,1728791367.0,3,3,0,0,9,3,3,6,1,257.0,-1,0
16,0,1706116075.0,3,3,1,2,12,2,17,2,0,45.0,-1,0
13,1,1729138956.0,3,3,0,6,8,7,4,3,0,274.0,-1,0
16,0,1721144442.0,3,3,1,5,13,2,15,1,0,198.0,-1,0
13,1,1719387183.0,3,3,0,5,13,7,7,2,0,253.0,-1,0
16,1,1724662246.0,3,3,3,4,13,1,8,0,0,196.0,-1,0
3,0,1721210675.0,3,3,5,4,8,2,10,2,0,11.0,-1,1
16,1,1705984020.0,3,3,1,6,12,3,4,1,0,57.0,-1,0
3,0,1732294138.0,3,3,0,4,13,7,16,4,0,55.0,-1,1
0,0,1737339398.0,3,3,0,3,10,9,2,0,0,154.0,-1,0
7,0,1771714254.0,0,0,5,6,3,5,22,5,1,54.0,-1,1
7,0,1745862045.0,3,3,2,4,10,4,17,0,0,36.0,-1,1
7,0,1757984144.0,2,2,0,1,6,4,0,1,0,188.0,-1,1
7,0,1758547348.0,3,3,3,4,5,8,13,0,0,57.0,-1,1
0,0,1750558933.0,0,0,0,1,4,9,2,6,1,208.0,-1,0
0,0,1739084601.0,2,2,0,6,1,9,7,6,1,14.0,-1,0
7,0,1761869337.0,2,2,2,4,0,9,0,4,0,2.0,-1,1
0,0,1770672741.0,0,0,4,6,0,8,21,0,0,228.0,-1,0
7,0,1752412160.0,0,0,2,4,2,9,13,6,1,108.0,-1,1
7,0,1741319119.0,3,3,2,6,10,8,3,4,0,163.0,-1,1
7,0,1742367217.0,2,2,1,6,0,4,6,2,0,148.0,-1,1
0,0,1771016812.0,0,0,4,1,2,8,21,4,0,239.0,-1,0
0,0,1772455577.0,0,0,4,6,2,8,12,0,0,4.0,-1,0
7,0,1756070972.0,2,2,2,3,1,8,21,6,1,7.0,-1,1
7,0,1765149934.0,3,3,0,6,0,5,23,6,1,151.0,-1,1
0,0,1770647334.0,2,2,0,6,0,8,14,0,0,5.0,-1,0
0,0,1759020215.0,0,0,5,6,3,9,0,6,1,225.0,-1,0
7,0,1750227515.0,1,1,4,2,10,0,6,2,0,236.0,-1,1
7,0,1768039891.0,2,2,5,2,2,0,10,5,1,34.0,-1,1
0,0,1736712641.0,0,0,5,6,2,9,20,6,1,38.0,-1,0
7,0,1768151710.0,0,0,0,2,2,4,17,6,1,17.0,-1,1
0,0,1746829700.0,0,0,5,6,15,5,22,4,0,69.0,-1,0
7,0,1743360963.0,2,2,4,2,2,0,18,6,1,208.0,-1,1
0,0,1769819007.0,3,3,1,2,2,8,0,5,1,8.0,-1,0
7,0,1759507004.0,3,3,4,2,2,9,15,4,0,230.0,-1,1
7,0,1752859149.0,2,2,1,2,2,0,17,4,0,103.0,-1,1
0,0,1760991010.0,3,3,5,1,3,0,20,0,0,228.0,-1,0
7,0,1740404064.0,2,2,0,2,10,0,13,0,0,196.0,-1,1
7,0,1757100355.0,0,0,0,3,11,4,19,4,0,83.0,-1,1
0,0,1771648374.0,3,3,4,1,15,9,4,5,1,164.0,-1,0
7,0,1761406907.0,0,0,5,1,11,0,15,5,1,160.0,-1,1
7,0,1757786669.0,3,3,0,4,0,8,18,5,1,43.0,-1,1
0,0,1736380506.0,3,3,4,1,1,0,23,2,0,141.0,-1,0
7,0,1755332781.0,1,1,5,6,11,4,8,5,1,68.0,-1,1
0,0,1744940233.0,0,0,3,5,15,0,1,4,0,153.0,-1,0
7,0,1768923786.0,1,1,2,2,6,4,15,1,0,235.0,-1,1
7,0,1755947416.0,3,3,0,1,1,8,11,5,1,199.0,-1,1
7,0,1760427637.0,0,0,4,6,1,9,7,1,0,147.0,-1,1
7,0,1741247298.0,0,0,3,6,10,9,7,3,0,131.0,-1,1
7,0,1756677695.0,1,1,1,6,10,9,22,6,1,238.0,-1,1
0,0,1750081067.0,3,3,5,1,4,0,13,0,0,235.0,-1,0
7,0,1762052489.0,0,0,3,3,0,4,3,6,1,15.0,-1,1
0,0,1752273208.0,3,3,5,1,15,8,22,4,0,23.0,-1,0
7,0,1750795238.0,3,3,3,1,2,0,20,1,0,226.0,-1,1
0,0,1767392200.0,3,3,5,4,15,0,22,4,0,133.0,-1,0
7,0,1742871672.0,2,2,1,4,4,9,3,1,0,214.0,-1,1
7,0,1769758229.0,1,1,2,6,0,5,7,4,0,181.0,-1,1
7,0,1735692076.0,1,1,3,5,6,8,0,2,0,183.0,-1,1
0,0,1752013952.0,2,2,5,3,15,8,22,1,0,8.0,-1,0
7,0,1740695992.0,2,2,0,2,2,5,22,3,0,157.0,-1,1
7,0,1749201058.0,2,2,0,6,6,0,9,4,0,18.0,-1,1
7,0,1761272113.0,3,3,0,3,0,0,2,4,0,103.0,-1,1
7,0,1770344634.0,2,2,5,6,0,9,2,4,0,113.0,-1,1
7,0,1746403252.0,3,3,3,4,11,9,0,0,0,94.0,-1,1
7,0,1755500556.0,3,3,2,1,11,8,7,0,0,11.0,-1,1
0,0,1771716344.0,1,1,5,2,2,0,23,5,1,234.0,-1,0
7,0,1753167154.0,2,2,5,1,4,5,6,1,0,22.0,-1,1
0,0,1769458682.0,0,0,5,6,0,9,20,0,0,38.0,-1,0
0,0,1743973495.0,3,3,0,4,15,4,21,6,1,155.0,-1,0
7,0,1737552522.0,0,0,1,3,4,0,13,2,0,187.0,-1,1
7,0,1760023893.0,3,3,3,6,11,0,15,3,0,154.0,-1,1
0,0,1736344739.0,0,0,0,6,2,0,13,2,0,237.0,-1,0
0,0,1737373122.0,0,0,0,6,11,8,11,0,0,62.0,-1,0
0,0,1741414566.0,0,0,5,2,2,0,6,5,1,11.0,-1,0
0,0,1772150873.0,0,0,0,5,10,9,0,4,0,60.0,-1,0
0,0,1737599525.0,0,0,5,1,0,8,2,3,0,174.0,-1,0
0,0,1772564602.0,1,1,0,6,0,8,19,1,0,13.0,-1,0
0,0,1766276731.0,0,0,5,6,0,4,0,6,1,61.0,-1,0
7,0,1760204886.0,2,2,1,4,0,5,17,5,1,118.0,-1,1
7,0,1765170303.0,2,2,4,3,10,5,5,0,0,6.0,-1,1
7,0,1758915046.0,2,2,4,1,3,8,19,4,0,58.0,-1,1
0,0,1740278745.0,3,3,0,6,1,4,2,6,1,80.0,-1,0
0,0,1768782842.0,3,3,3,4,15,4,0,0,0,42.0,-1,0
0,0,1763865282.0,3,3,4,1,2,9,2,6,1,7.0,-1,0
0,0,1772555921.0,3,3,5,1,0,9,16,1,0,133.0,-1,0
0,0,1768334454.0,2,2,5,5,15,9,20,1,0,171.0,-1,0
7,0,1753657675.0,0,0,3,1,2,0,23,6,1,111.0,-1,1
0,0,1745125101.0,3,3,2,1,2,0,4,6,1,3.0,-1,0
0,0,1738444822.0,0,0,2,4,15,8,21,5,1,225.0,-1,0
7,0,1771482970.0,2,2,0,3,3,0,6,3,0,31.0,-1,1
0,0,1739062187.0,0,0,5,2,3,9,0,6,1,220.0,-1,0
7,0,1768693332.0,1,1,2,2,10,0,23,5,1,179.0,-1,1
7,0,1748683526.0,0,0,2,4,1,4,9,5,1,127.0,-1,1
7,0,1760884669.0,2,2,0,5,2,0,14,6,1,31.0,-1,1
7,0,1756487080.0,3,3,2,2,1,4,17,4,0,88.0,-1,1
0,0,1762737625.0,3,3,4,2,15,8,1,0,0,20.0,-1,0
0,0,1766277540.0,3,3,0,4,15,0,0,6,1,200.0,-1,0
7,0,1760759138.0,2,2,1,2,10,8,3,5,1,21.0,-1,1
7,0,1757456176.0,2,2,5,4,11,9,22,1,0,10.0,-1,1
7,0,1772209165.0,2,2,3,6,11,5,16,4,0,78.0,-1,1
0,0,1771117130.0,0,0,5,5,2,9,0,6,1,70.0,-1,0
0,0,1768749795.0,0,0,2,1,2,0,15,6,1,15.0,-1,0
7,0,1743455812.0,3,3,0,6,10,0,21,0,0,67.0,-1,1
7,0,1767907842.0,2,2,1,6,1,8,21,3,0,135.0,-1,1
7,0,1736357514.0,2,2,5,5,1,8,17,2,0,173.0,-1,1
0,0,1769810143.0,3,3,0,6,0,9,21,4,0,69.0,-1,0
0,0,1750118306.0,0,0,5,4,0,8,23,0,0,2.0,-1,0
0,0,1750367463.0,0,0,5,2,15,9,21,3,0,101.0,-1,0
0,0,1754025341.0,1,1,0,5,15,9,5,4,0,225.0,-1,0
7,0,1758055388.0,3,3,3,3,1,4,20,1,0,77.0,-1,1
0,0,1769307980.0,3,3,2,1,3,0,2,6,1,219.0,-1,0
0,0,1735933583.0,0,0,0,1,0,4,19,4,0,208.0,-1,0
0,0,1739660438.0,0,0,0,2,2,0,23,5,1,24.0,-1,0
7,0,1761029674.0,3,3,5,4,0,8,6,1,0,88.0,-1,1
7,0,1771658023.0,2,2,4,2,2,9,7,5,1,40.0,-1,1
0,0,1736165374.0,2,2,0,6,0,0,12,0,0,183.0,-1,0
0,0,1768661495.0,3,3,5,1,10,8,14,5,1,222.0,-1,0
7,0,1749048323.0,0,0,0,2,4,9,14,2,0,216.0,-1,1
7,0,1736143658.0,2,2,2,4,3,9,6,0,0,115.0,-1,1
7,0,1761647717.0,0,0,2,2,1,4,10,1,0,205.0,-1,1
0,0,1755478481.0,0,0,1,6,0,0,0,0,0,147.0,-1,0
7,0,1737919073.0,2,2,1,6,3,8,19,6,1,147.0,-1,1
0,0,1764470231.0,3,3,5,5,0,9,2,6,1,83.0,-1,0
7,0,1770909160.0,0,0,2,6,11,0,15,3,0,75.0,-1,1
7,0,1741549407.0,1,1,0,6,3,0,19,6,1,238.0,-1,1
0,0,1741635379.0,3,3,0,1,2,0,19,0,0,69.0,-1,0
0,0,1743437559.0,3,3,0,6,10,0,16,0,0,29.0,-1,0
7,0,1771167437.0,0,0,4,6,3,0,14,6,1,130.0,-1,1
0,0,1740952214.0,0,0,4,1,11,9,21,6,1,198.0,-1,0
7,0,1768496823.0,1,1,5,4,3,5,17,3,0,97.0,-1,1
7,0,1762079333.0,0,0,0,1,3,5,10,6,1,128.0,-1,1
0,0,1765386052.0,0,0,5,1,15,8,17,2,0,164.0,-1,0
7,0,1741791317.0,0,0,4,3,2,9,14,2,0,215.0,-1,1
0,0,1760316061.0,3,3,5,5,2,9,0,0,0,209.0,-1,0
0,0,1741393380.0,0,0,4,2,10,0,0,5,1,231.0,-1,0
0,0,1745880152.0,1,1,0,2,1,9,22,0,0,2.0,-1,0
7,0,1741526690.0,1,1,3,3,11,8,13,6,1,191.0,-1,1
7,0,1768389053.0,1,1,2,2,6,5,11,2,0,144.0,-1,1
7,0,1735772455.0,3,3,5,5,10,9,23,2,0,214.0,-1,1
0,0,1763251464.0,0,0,5,6,1,8,0,6,1,153.0,-1,0
0,0,1751335550.0,3,3,1,1,15,9,2,1,0,56.0,-1,0
7,0,1764023310.0,1,1,5,6,11,8,22,0,0,120.0,-1,1
7,0,1758859722.0,3,3,3,2,2,0,4,4,0,81.0,-1,1
0,0,1740439380.0,1,1,5,2,10,0,23,0,0,20.0,-1,0
7,0,1750239896.0,0,0,0,6,10,0,9,2,0,199.0,-1,1
7,0,1737473482.0,0,0,2,4,0,9,15,1,0,166.0,-1,1
0,0,1737412469.0,2,2,0,1,10,0,22,0,0,163.0,-1,0
7,0,1770070918.0,3,3,5,5,2,0,22,0,0,35.0,-1,1
7,0,1758082995.0,2,2,5,1,1,4,4,2,0,226.0,-1,1
7,0,1752345216.0,3,3,3,2,7,5,18,5,1,53.0,-1,1
0,0,1736663126.0,3,3,5,1,4,0,6,6,1,131.0,-1,0
0,0,1763857142.0,3,3,5,1,5,0,0,6,1,172.0,-1,0
0,0,1742115966.0,3,3,5,2,2,9,9,6,1,234.0,-1,0
7,0,1737756767.0,3,3,5,1,5,0,22,4,0,61.0,-1,1
7,0,1745807611.0,3,3,0,2,5,8,2,0,0,122.0,-1,1
0,0,1758937190.0,3,3,0,6,0,9,1,5,1,213.0,-1,0
0,0,1764103955.0,1,1,1,1,15,9,20,1,0,200.0,-1,0
7,0,1763936551.0,3,3,0,4,0,9,22,6,1,130.0,-1,1
7,0,1762997792.0,3,3,5,1,2,9,1,3,0,100.0,-1,1
7,0,1760052462.0,2,2,0,6,5,4,23,3,0,59.0,-1,1
7,0,1747845674.0,3,3,5,2,0,9,16,2,0,62.0,-1,1
7,0,1759393609.0,1,1,1,1,1,0,8,3,0,82.0,-1,1
0,0,1765836743.0,1,1,0,1,2,9,22,0,0,210.0,-1,0
0,0,1735900355.0,0,0,3,1,0,9,10,4,0,2.0,-1,0
7,0,1759005625.0,3,3,1,4,2,9,20,5,1,240.0,-1,1
7,0,1755402865.0,3,3,0,5,10,8,3,6,1,181.0,-1,1
0,0,1766448235.0,0,0,0,1,2,9,0,1,0,167.0,-1,0
0,0,1771025712.0,3,3,4,6,10,0,23,4,0,7.0,-1,0
7,0,1752949818.0,1,1,4,1,0,5,18,5,1,71.0,-1,1
7,0,1746153721.0,2,2,3,6,2,5,2,4,0,3.0,-1,1
7,0,1760807480.0,0,0,4,1,6,4,17,5,1,133.0,-1,1
0,0,1756861423.0,0,0,5,6,1,9,1,2,0,233.0,-1,0
0,0,1761417212.0,0,0,0,6,2,9,18,5,1,11.0,-1,0
7,0,1752529186.0,3,3,0,6,6,4,21,0,0,222.0,-1,1
7,0,1743962325.0,3,3,0,5,1,9,17,6,1,203.0,-1,1
0,0,1739228342.0,0,0,3,5,0,8,22,0,0,14.0,-1,0
0,0,1759657102.0,3,3,0,1,11,9,9,6,1,15.0,-1,0
7,0,1739746108.0,1,1,3,1,3,4,22,6,1,180.0,-1,1
0,0,1744458507.0,3,3,0,6,15,4,11,5,1,20.0,-1,0
0,0,1768780545.0,3,3,4,6,10,4,23,6,1,45.0,-1,0
0,0,1753763266.0,3,3,0,6,11,0,4,1,0,237.0,-1,0
7,0,1758855461.0,2,2,5,5,10,4,2,4,0,116.0,-1,1
7,0,1771856157.0,3,3,4,4,0,5,14,0,0,53.0,-1,1
7,0,1761371974.0,1,1,2,2,11,9,5,5,1,42.0,-1,1
0,0,1748199396.0,3,3,4,6,15,8,18,6,1,103.0,-1,0
7,0,1736097960.0,2,2,2,1,2,9,17,6,1,13.0,-1,1
0,0,1737650681.0,1,1,3,6,15,0,16,3,0,237.0,-1,0
0,0,1739209684.0,0,0,5,1,4,0,17,0,0,62.0,-1,0
7,0,1754526030.0,3,3,0,4,0,4,0,3,0,41.0,-1,1
7,0,1761217117.0,3,3,0,6,11,5,10,3,0,206.0,-1,1
0,0,1743034641.0,1,1,5,1,15,9,0,3,0,200.0,-1,0
7,0,1771692849.0,0,0,3,2,0,9,16,5,1,221.0,-1,1
0,0,1771539788.0,2,2,4,6,0,9,22,3,0,229.0,-1,0
0,0,1739050833.0,0,0,1,6,1,9,21,5,1,213.0,-1,0
7,0,1756989046.0,3,3,2,4,15,5,12,3,0,77.0,-1,1
0,0,1736649249.0,3,3,0,2,3,4,2,6,1,217.0,-1,0
7,0,1740678317.0,3,3,0,3,0,9,17,3,0,149.0,-1,1
7,0,1755598226.0,3,3,0,1,1,9,10,1,0,95.0,-1,1
7,0,1735839911.0,3,3,1,6,4,9,17,3,0,125.0,-1,1
0,0,1753198379.0,0,0,5,5,15,4,15,1,0,11.0,-1,0
7,0,1740786119.0,2,2,2,3,0,9,23,4,0,144.0,-1,1
7,0,1746117251.0,1,1,4,3,1,8,16,3,0,23.0,-1,1
0,0,1755457295.0,2,2,4,2,15,0,19,6,1,235.0,-1,0
0,0,1768251622.0,0,0,4,2,0,0,21,0,0,110.0,-1,0
7,0,1755908041.0,2,2,0,5,11,4,0,5,1,193.0,-1,1
7,0,1740411752.0,1,1,2,6,11,0,15,0,0,23.0,-1,1
0,0,1739582936.0,3,3,5,3,1,9,1,5,1,28.0,-1,0
0,0,1740957385.0,1,1,1,1,11,0,23,6,1,35.0,-1,0
7,0,1738956378.0,2,2,0,4,5,4,19,4,0,4.0,-1,1
0,0,1767566832.0,0,0,0,6,2,9,22,6,1,196.0,-1,0
7,0,1742742456.0,2,2,0,2,10,4,15,6,1,210.0,-1,1
0,0,1737941054.0,0,0,0,1,2,9,1,0,0,50.0,-1,0
0,0,1737310527.0,0,0,5,4,2,9,18,6,1,27.0,-1,0
7,0,1746014542.0,2,2,2,5,0,8,12,2,0,56.0,-1,1
7,0,1749226537.0,0,0,4,4,3,5,16,4,0,56.0,-1,1
0,0,1766882002.0,3,3,1,6,15,9,0,6,1,208.0,-1,0
7,0,1739162087.0,1,1,2,2,1,0,4,0,0,172.0,-1,1
0,0,1746921205.0,3,3,0,1,1,9,23,5,1,49.0,-1,0
0,0,1767611700.0,0,0,2,1,1,9,11,0,0,237.0,-1,0
0,0,1764223271.0,1,1,0,4,15,0,6,3,0,3.0,-1,0
7,0,1771757753.0,1,1,3,3,1,8,10,6,1,58.0,-1,1
7,0,1758482962.0,2,2,1,5,0,0,19,6,1,135.0,-1,1
0,0,1742604307.0,3,3,5,1,2,0,0,5,1,34.0,-1,0
7,0,1747214883.0,2,2,4,4,0,4,9,2,0,18.0,-1,1
0,0,1763330715.0,1,1,0,1,11,0,22,6,1,50.0,-1,0
7,0,1744947969.0,3,3,2,4,15,5,3,4,0,204.0,-1,1
7,0,1772405580.0,0,0,1,4,11,4,22,6,1,188.0,-1,1
7,0,1738239221.0,1,1,1,2,1,8,12,3,0,121.0,-1,1
0,0,1771258460.0,0,0,4,1,2,8,16,0,0,5.0,-1,0
0,0,1749954582.0,0,0,5,1,1,0,2,6,1,109.0,-1,0
0,0,1736292328.0,3,3,4,5,6,0,23,1,0,20.0,-1,0
0,0,1736007663.0,0,0,3,1,15,8,16,5,1,180.0,-1,0
7,0,1739315973.0,1,1,0,4,2,9,23,1,0,96.0,-1,1
0,0,1748771191.0,0,0,5,6,10,0,9,6,1,4.0,-1,0
0,0,1737252895.0,0,0,1,4,1,0,2,6,1,200.0,-1,0
7,0,1752497152.0,3,3,3,2,2,8,12,0,0,119.0,-1,1
7,0,1741080111.0,1,1,3,4,2,8,9,1,0,65.0,-1,1
0,0,1737388774.0,3,3,0,1,4,9,15,0,0,199.0,-1,0
0,0,1768246961.0,3,3,5,1,0,4,19,0,0,196.0,-1,0
0,0,1738110304.0,0,0,1,4,11,9,0,2,0,236.0,-1,0
0,0,1743336546.0,0,0,0,1,1,0,12,6,1,220.0,-1,0
0,0,1749855927.0,3,3,0,2,1,9,23,4,0,5.0,-1,0
7,0,1764801504.0,1,1,3,6,2,9,22,2,0,172.0,-1,1
7,0,1755703090.0,3,3,5,3,10,5,15,2,0,94.0,-1,1
7,0,1742168472.0,1,1,1,4,2,4,23,6,1,28.0,-1,1
7,0,1761368252.0,1,1,5,4,4,9,4,5,1,166.0,-1,1
0,0,1737328376.0,2,2,0,6,2,8,23,6,1,215.0,-1,0
0,0,1768773042.0,0,0,0,3,0,9,21,6,1,235.0,-1,0
7,0,1751725626.0,1,1,2,1,10,9,14,5,1,82.0,-1,1
7,0,1767509731.0,3,3,0,4,11,5,6,6,1,143.0,-1,1
7,0,1762333219.0,2,2,0,4,1,4,9,2,0,153.0,-1,1
7,0,1750409557.0,2,2,0,5,6,5,8,4,0,80.0,-1,1
0,0,1736041596.0,2,2,0,1,2,5,1,6,1,22.0,-1,0
7,0,1771158536.0,0,0,2,2,3,0,12,6,1,122.0,-1,1
7,0,1748618400.0,1,1,5,3,6,9,15,4,0,234.0,-1,1
7,0,1763951623.0,0,0,1,3,2,9,2,0,0,163.0,-1,1
0,0,1768109485.0,3,3,5,6,1,9,5,6,1,119.0,-1,0
7,0,1755180854.0,2,2,1,3,3,4,14,3,0,91.0,-1,1
7,0,1745079497.0,2,2,3,5,2,8,16,5,1,146.0,-1,1
7,0,1738980055.0,2,2,0,4,0,9,2,5,1,146.0,-1,1
0,0,1763343779.0,0,0,1,1,3,0,1,0,0,15.0,-1,0
7,0,1760418583.0,0,0,0,2,1,0,5,1,0,176.0,-1,1
7,0,1767146052.0,3,3,1,6,10,5,1,2,0,240.0,-1,1
7,0,1739249632.0,1,1,5,1,6,5,4,1,0,206.0,-1,1
7,0,1738702655.0,2,2,5,3,2,0,20,1,0,59.0,-1,1
0,0,1763934785.0,0,0,3,6,10,0,21,6,1,192.0,-1,0
7,0,1766303250.0,1,1,1,3,6,9,7,6,1,124.0,-1,1
0,0,1745029674.0,3,3,5,5,11,0,2,5,1,48.0,-1,0
7,0,1762499855.0,2,2,3,4,11,4,7,4,0,163.0,-1,1
0,0,1746504955.0,1,1,1,2,15,0,4,1,0,14.0,-1,0
0,0,1749341329.0,0,0,1,6,10,0,0,6,1,22.0,-1,0
7,0,1762753164.0,0,0,1,5,3,8,5,0,0,230.0,-1,1
0,0,1769395033.0,3,3,5,1,4,4,2,0,0,196.0,-1,0
7,0,1736344421.0,2,2,4,2,0,4,13,2,0,128.0,-1,1
7,0,1740164261.0,2,2,2,5,3,0,18,4,0,203.0,-1,1
7,0,1748387924.0,1,1,1,5,4,0,23,1,0,132.0,-1,1
7,0,1742843020.0,1,1,3,5,3,8,19,0,0,93.0,-1,1
0,0,1769985019.0,1,1,3,1,0,9,22,6,1,227.0,-1,0
7,0,1761022611.0,3,3,3,1,0,0,4,1,0,130.0,-1,1
0,0,1740194240.0,3,3,0,6,10,8,3,5,1,10.0,-1,0
7,0,1737951081.0,0,0,2,2,3,9,4,0,0,221.0,-1,1
0,0,1772412533.0,0,0,5,4,6,0,0,0,0,20.0,-1,0
7,0,1754415201.0,0,0,2,2,3,5,17,1,0,128.0,-1,1
7,0,1746496314.0,0,0,4,1,15,8,1,1,0,145.0,-1,1
7,0,1739001199.0,0,0,3,3,0,5,7,5,1,208.0,-1,1
7,0,1771246753.0,0,0,3,2,3,0,12,0,0,33.0,-1,1
0,0,1772333971.0,0,0,0,6,2,8,2,6,1,53.0,-1,0
7,0,1756009370.0,1,1,3,4,3,5,4,6,1,32.0,-1,1
7,0,1754498732.0,0,0,4,4,10,4,16,2,0,3.0,-1,1
7,0,1765845337.0,0,0,1,3,2,9,0,1,0,224.0,-1,1
0,0,1769646360.0,3,3,5,5,2,9,0,3,0,2.0,-1,0
0,0,1766983946.0,0,0,0,1,11,8,4,0,0,26.0,-1,0
7,0,1748864022.0,3,3,4,6,2,0,11,0,0,33.0,-1,1
0,0,1753937937.0,3,3,4,1,15,0,4,3,0,229.0,-1,0
7,0,1741450661.0,2,2,3,2,4,5,16,5,1,157.0,-1,1
7,0,1741146658.0,0,0,5,5,3,8,3,2,0,76.0,-1,1
0,0,1766173872.0,2,2,0,5,15,0,19,4,0,33.0,-1,0
0,0,1742673800.0,3,3,0,3,1,9,20,5,1,9.0,-1,0
0,0,1771111455.0,3,3,0,6,1,5,23,5,1,224.0,-1,0
7,0,1751567139.0,0,0,4,1,2,5,18,3,0,86.0,-1,1
0,0,1735959802.0,0,0,1,6,11,4,3,5,1,4.0,-1,0
7,0,1752324469.0,1,1,3,4,2,8,12,5,1,173.0,-1,1
0,0,1735784733.0,0,0,1,6,3,0,2,3,0,21.0,-1,0
0,0,1772404219.0,2,2,0,6,11,9,22,6,1,180.0,-1,0
0,0,1739669194.0,3,3,5,1,11,0,1,6,1,157.0,-1,0
0,0,1767246493.0,3,3,5,6,2,0,5,3,0,19.0,-1,0
7,0,1745657783.0,0,0,2,6,10,0,8,5,1,226.0,-1,1
7,0,1752627328.0,2,2,3,3,6,0,0,2,0,107.0,-1,1
7,0,1743719737.0,2,2,2,6,2,4,22,3,0,23.0,-1,1
7,0,1752274722.0,0,0,3,2,0,4,22,4,0,172.0,-1,1
7,0,1762666589.0,3,3,3,6,11,0,5,6,1,141.0,-1,1
0,0,1736733311.0,1,1,0,4,0,0,1,0,0,84.0,-1,0
7,0,1748646783.0,3,3,1,3,6,8,23,4,0,97.0,-1,1
7,0,1753665889.0,1,1,5,1,5,0,1,0,0,235.0,-1,1
7,0,1755600029.0,1,1,1,6,0,9,10,1,0,59.0,-1,1
7,0,1747446088.0,1,1,1,3,6,5,1,5,1,153.0,-1,1
0,0,1767511956.0,3,3,5,1,15,5,7,6,1,211.0,-1,0
7,0,1744650509.0,1,1,0,6,3,5,17,0,0,66.0,-1,1
0,0,1772565757.0,0,0,0,6,3,9,19,1,0,150.0,-1,0
7,0,1758227760.0,3,3,4,1,3,5,20,3,0,154.0,-1,1
0,0,1736299290.0,3,3,3,6,6,0,1,2,0,240.0,-1,0
0,0,1772499234.0,1,1,4,6,1,0,0,1,0,189.0,-1,0
7,0,1769686477.0,3,3,2,2,2,8,11,3,0,229.0,-1,1
7,0,1740727837.0,1,1,1,5,2,8,7,4,0,77.0,-1,1
0,0,1769540681.0,3,3,4,6,10,9,19,1,0,234.0,-1,0
0,0,1746012832.0,3,3,5,1,15,9,11,2,0,131.0,-1,0
7,0,1752224376.0,1,1,0,2,4,8,8,4,0,110.0,-1,1
0,0,1746489612.0,0,0,5,5,6,9,0,1,0,16.0,-1,0
7,0,1760593031.0,3,3,4,6,3,0,5,3,0,142.0,-1,1
0,0,1769992006.0,0,0,1,6,10,5,0,0,0,35.0,-1,0
7,0,1738221554.0,1,1,5,1,5,5,7,3,0,204.0,-1,1
0,0,1752266587.0,3,3,0,1,10,9,20,4,0,239.0,-1,0
0,0,1744941460.0,3,3,0,1,2,0,1,4,0,20.0,-1,0
0,0,1736790375.0,3,3,0,1,10,8,17,0,0,165.0,-1,0
7,0,1754304307.0,3,3,3,3,11,9,10,0,0,75.0,-1,1
0,0,1735885442.0,3,3,4,6,11,9,6,4,0,211.0,-1,0
0,0,1758922107.0,3,3,0,6,1,0,21,4,0,199.0,-1,0
7,0,1751788809.0,0,0,5,5,10,9,8,6,1,62.0,-1,1
7,0,1769819178.0,0,0,1,2,6,0,0,5,1,130.0,-1,1
7,0,1740445883.0,3,3,4,3,11,9,1,1,0,30.0,-1,1
0,0,1771708861.0,2,2,0,2,11,0,21,5,1,37.0,-1,0
7,0,1761331205.0,3,3,3,1,4,9,18,4,0,49.0,-1,1
0,0,1741055480.0,3,3,5,6,1,8,2,1,0,56.0,-1,0
0,0,1753038734.0,3,3,1,1,0,9,19,6,1,204.0,-1,0
7,0,1746864072.0,1,1,4,4,2,9,8,5,1,230.0,-1,1
7,0,1745080582.0,1,1,0,5,1,9,16,5,1,152.0,-1,1
0,0,1736988315.0,0,0,5,6,1,8,0,3,0,217.0,-1,0
7,0,1744311732.0,0,0,5,6,2,9,19,3,0,109.0,-1,1
0,0,1739316529.0,3,3,0,5,11,0,23,1,0,58.0,-1,0
0,0,1742712021.0,3,3,4,6,3,0,6,6,1,226.0,-1,0
0,0,1771816150.0,0,0,5,5,2,5,3,0,0,26.0,-1,0
7,0,1759619520.0,2,2,0,6,11,0,23,5,1,32.0,-1,1
0,0,1758668568.0,0,0,1,1,2,0,23,1,0,226.0,-1,0
7,0,1740840839.0,0,0,1,5,4,4,14,5,1,224.0,-1,1
0,0,1756146836.0,3,3,5,6,2,0,18,0,0,21.0,-1,0
0,0,1770340019.0,3,3,0,1,2,4,1,4,0,36.0,-1,0
0,0,1759105125.0,0,0,5,3,15,5,0,0,0,215.0,-1,0
0,0,1764703601.0,0,0,1,6,15,5,19,1,0,34.0,-1,0
7,0,1751515871.0,1,1,2,4,6,9,4,3,0,240.0,-1,1
0,0,1766104215.0,3,3,0,1,1,0,0,4,0,51.0,-1,0
7,0,1769637276.0,2,2,4,2,11,0,21,2,0,202.0,-1,1
0,0,1767894281.0,3,3,0,5,15,8,17,3,0,31.0,-1,0
7,0,1745360850.0,0,0,3,3,10,0,22,1,0,186.0,-1,1
7,0,1771925269.0,2,2,1,5,3,4,9,1,0,225.0,-1,1
0,0,1772483537.0,3,3,5,2,11,5,20,0,0,37.0,-1,0
7,0,1772409930.0,1,1,3,6,2,4,0,0,0,128.0,-1,1
0,0,1763951935.0,3,3,0,6,0,0,2,0,0,113.0,-1,0
7,0,1760113444.0,1,1,2,1,15,0,16,4,0,122.0,-1,1
7,0,1770400158.0,2,2,3,6,1,9,17,4,0,94.0,-1,1
7,0,1748597052.0,2,2,3,3,10,5,9,4,0,41.0,-1,1
7,0,1745666004.0,1,1,0,3,10,0,11,5,1,34.0,-1,1
7,0,1762998962.0,0,0,2,6,1,9,1,3,0,124.0,-1,1
0,0,1768852921.0,0,0,0,2,3,0,20,0,0,22.0,-1,0
0,0,1736194170.0,2,2,0,1,10,8,20,0,0,236.0,-1,0
7,0,1750243940.0,0,0,4,3,2,0,10,2,0,140.0,-1,1
7,0,1764557613.0,2,2,2,2,4,0,2,0,0,164.0,-1,1
7,0,1766049257.0,3,3,4,5,0,8,9,3,0,59.0,-1,1
7,0,1758512034.0,2,2,5,4,2,0,3,0,0,128.0,-1,1
0,0,1770530085.0,3,3,0,4,2,0,5,6,1,51.0,-1,0
0,0,1766879264.0,3,3,5,5,0,5,23,5,1,7.0,-1,0
7,0,1762287710.0,0,0,1,1,10,5,20,1,0,66.0,-1,1
7,0,1762076210.0,2,2,0,6,2,4,9,6,1,179.0,-1,1
0,0,1768829263.0,3,3,5,4,10,9,13,0,0,240.0,-1,0
0,0,1736035106.0,0,0,1,1,3,9,23,5,1,30.0,-1,0
7,0,1752183447.0,3,3,2,1,5,5,21,3,0,58.0,-1,1
0,0,1769994492.0,3,3,4,5,2,8,1,0,0,22.0,-1,0
0,0,1741749106.0,0,0,1,1,10,0,3,2,0,239.0,-1,0
0,0,1742852906.0,3,3,0,2,0,8,21,0,0,208.0,-1,0
7,0,1759603713.0,0,0,3,1,4,4,18,5,1,194.0,-1,1
0,0,1768340870.0,0,0,5,6,2,5,21,1,0,238.0,-1,0
7,0,1770414644.0,1,1,1,6,11,9,21,4,0,159.0,-1,1
0,0,1740974908.0,3,3,0,1,4,8,4,0,0,29.0,-1,0
7,0,1768014006.0,0,0,5,6,3,8,3,5,1,117.0,-1,1
7,0,1766062885.0,2,2,4,2,2,4,13,3,0,221.0,-1,1
0,0,1771213431.0,1,1,0,2,1,0,3,0,0,222.0,-1,0
0,0,1738608697.0,0,0,0,1,1,5,18,0,0,195.0,-1,0
0,0,1771875789.0,3,3,5,1,2,9,19,0,0,160.0,-1,0
0,0,1742103928.0,0,0,5,1,0,4,5,6,1,214.0,-1,0
7,0,1767716224.0,3,3,5,4,11,0,16,1,0,206.0,-1,1
0,0,1746911490.0,3,3,0,1,1,0,21,5,1,58.0,-1,0
7,0,1739237533.0,1,1,3,6,3,5,1,1,0,136.0,-1,1
0,0,1769898270.0,2,2,0,6,15,9,22,5,1,105.0,-1,0
7,0,1753520508.0,2,2,5,5,2,8,9,5,1,167.0,-1,1
0,0,1768792816.0,3,3,0,6,1,0,3,0,0,160.0,-1,0
7,0,1772334667.0,1,1,0,1,11,5,3,6,1,113.0,-1,1
0,0,1755732250.0,3,3,5,5,0,8,23,2,0,5.0,-1,0
7,0,1745737267.0,2,2,5,1,6,5,7,6,1,219.0,-1,1
0,0,1763079409.0,0,0,1,1,0,9,0,4,0,62.0,-1,0
0,0,1737933215.0,3,3,5,4,5,0,23,6,1,200.0,-1,0
7,0,1754325870.0,1,1,5,6,2,4,16,0,0,176.0,-1,1
7,0,1738168011.0,1,1,4,3,4,8,16,2,0,133.0,-1,1
7,0,1755448448.0,2,2,5,1,11,8,16,6,1,129.0,-1,1
0,0,1770520281.0,1,1,1,1,1,0,3,6,1,10.0,-1,0
7,0,1745792003.0,1,1,5,4,10,9,22,6,1,201.0,-1,1
0,0,1742666796.0,3,3,5,6,1,4,18,5,1,237.0,-1,0
7,0,1764401067.0,3,3,3,3,4,8,7,5,1,13.0,-1,1
7,0,1740192342.0,0,0,5,1,10,8,2,5,1,100.0,-1,1
7,0,1765447712.0,2,2,1,1,10,9,10,3,0,29.0,-1,1
7,0,1766017314.0,1,1,1,5,2,9,0,3,0,194.0,-1,1
0,0,1771294584.0,0,0,0,1,4,5,2,1,0,21.0,-1,0
7,0,1750300953.0,2,2,1,6,1,9,2,3,0,144.0,-1,1
7,0,1758297407.0,3,3,3,6,3,0,15,4,0,68.0,-1,1
7,0,1761346355.0,1,1,2,4,11,8,22,4,0,65.0,-1,1
0,0,1768604949.0,3,3,5,6,6,9,23,4,0,18.0,-1,0
7,0,1745765726.0,2,2,2,4,15,9,14,6,1,12.0,-1,1
0,0,1742168051.0,0,0,1,3,10,9,23,6,1,13.0,-1,0
7,0,1758694078.0,3,3,2,3,2,0,6,2,0,182.0,-1,1
7,0,1759052009.0,0,0,4,3,7,9,9,6,1,216.0,-1,1
0,0,1769619178.0,3,3,5,1,3,0,16,2,0,9.0,-1,0
7,0,1742603932.0,2,2,4,6,2,0,0,5,1,183.0,-1,1
0,0,1751838098.0,0,0,5,5,0,0,21,6,1,56.0,-1,0
7,0,1771724770.0,2,2,4,3,3,8,1,6,1,233.0,-1,1
7,0,1748562756.0,3,3,2,2,1,0,23,3,0,176.0,-1,1
7,0,1770545733.0,3,3,5,5,2,8,10,6,1,150.0,-1,1
0,0,1736292710.0,3,3,5,3,2,9,23,1,0,169.0,-1,0
7,0,1742966693.0,1,1,3,1,1,8,5,2,0,9.0,-1,1
0,0,1762812520.0,0,0,5,6,2,5,22,0,0,213.0,-1,0
7,0,1745927951.0,0,0,1,6,4,8,11,1,0,111.0,-1,1
7,0,1738098538.0,3,3,3,5,1,5,21,1,0,165.0,-1,1
7,0,1756884224.0,2,2,1,1,3,0,7,2,0,45.0,-1,1
7,0,1768124341.0,3,3,5,6,5,5,9,6,1,186.0,-1,1
7,0,1770300205.0,3,3,5,3,10,8,14,3,0,45.0,-1,1
0,0,1743971982.0,0,0,1,6,1,0,20,6,1,195.0,-1,0
0,0,1762056666.0,3,3,4,2,15,0,4,6,1,25.0,-1,0
0,0,1738560672.0,3,3,2,6,0,9,5,0,0,225.0,-1,0
0,0,1742264233.0,0,0,0,4,0,0,2,1,0,50.0,-1,0
7,0,1769678825.0,3,3,1,6,6,4,9,3,0,132.0,-1,1
0,0,1746302931.0,3,3,0,1,15,0,20,5,1,144.0,-1,0
0,0,1770426056.0,2,2,5,1,1,0,1,5,1,227.0,-1,0
0,0,1760182015.0,1,1,0,5,15,9,11,5,1,9.0,-1,0
0,0,1771796868.0,3,3,4,1,3,4,21,6,1,14.0,-1,0
0,0,1735727862.0,0,0,5,5,2,0,10,2,0,228.0,-1,0
7,0,1754924620.0,3,3,4,1,2,9,15,0,0,88.0,-1,1
0,0,1768718254.0,3,3,1,1,1,8,6,6,1,22.0,-1,0
0,0,1766188054.0,3,3,4,1,2,9,23,4,0,22.0,-1,0
7,0,1763066948.0,3,3,1,5,10,0,20,3,0,39.0,-1,1
0,0,1768154746.0,3,3,5,5,3,0,18,6,1,223.0,-1,0
7,0,1769696947.0,2,2,0,4,2,0,14,3,0,114.0,-1,1
7,0,1765764998.0,2,2,5,2,11,4,2,0,0,113.0,-1,1
7,0,1772126610.0,2,2,4,2,6,9,17,3,0,100.0,-1,1
0,0,1756683271.0,3,3,0,6,1,9,23,6,1,100.0,-1,0
7,0,1747040097.0,0,0,5,1,11,5,8,0,0,183.0,-1,1
7,0,1749296401.0,0,0,1,4,11,0,11,5,1,158.0,-1,1
0,0,1755029501.0,0,0,0,5,15,9,20,1,0,198.0,-1,0
0,0,1766945286.0,0,0,1,1,2,0,18,6,1,10.0,-1,0
7,0,1743293671.0,3,3,3,6,10,5,0,6,1,112.0,-1,1
0,0,1771034842.0,3,3,5,6,2,4,2,5,1,44.0,-1,0
7,0,1741445616.0,0,0,1,5,6,8,14,5,1,174.0,-1,1
0,0,1772841558.0,0,0,4,2,1,9,23,4,0,16.0,-1,0
0,0,1740288548.0,0,0,3,1,2,0,5,6,1,230.0,-1,0
0,0,1767416404.0,0,0,5,5,10,8,5,5,1,239.0,-1,0
7,0,1751773988.0,2,2,1,3,10,8,3,6,1,233.0,-1,1
0,0,1768615159.0,2,2,5,1,10,9,1,5,1,35.0,-1,0
7,0,1740422567.0,0,0,3,4,11,0,18,0,0,28.0,-1,1
0,0,1770679770.0,1,1,0,2,2,0,23,0,0,212.0,-1,0
0,0,1738716279.0,2,2,0,1,1,9,0,2,0,210.0,-1,0
0,0,1771811514.0,3,3,4,1,10,9,1,0,0,40.0,-1,0
0,0,1739063508.0,2,2,5,5,10,9,1,6,1,8.0,-1,0
0,0,1769909023.0,3,3,3,6,3,0,1,6,1,208.0,-1,0
0,0,1770076492.0,0,0,4,6,2,8,23,0,0,166.0,-1,0
7,0,1747451325.0,0,0,4,1,3,5,3,5,1,8.0,-1,1
0,0,1741301807.0,0,0,0,5,2,9,22,3,0,24.0,-1,0
7,0,1741663999.0,3,3,2,1,2,4,3,1,0,22.0,-1,1
0,0,1771603628.0,2,2,0,2,15,0,16,4,0,167.0,-1,0
0,0,1771118844.0,3,3,0,3,1,9,1,6,1,236.0,-1,0
7,0,1765848398.0,1,1,2,4,1,5,1,1,0,201.0,-1,1
0,0,1749008020.0,3,3,5,1,15,9,3,2,0,199.0,-1,0
0,0,1739670134.0,3,3,3,1,10,0,1,6,1,195.0,-1,0
7,0,1746504798.0,0,0,3,1,1,5,4,1,0,136.0,-1,1
7,0,1745423245.0,3,3,4,1,6,9,15,2,0,182.0,-1,1
7,0,1739486289.0,1,1,4,5,2,5,22,3,0,172.0,-1,1
7,0,1770890507.0,1,1,3,3,2,5,10,3,0,55.0,-1,1
7,0,1761095818.0,2,2,4,1,2,4,1,2,0,231.0,-1,1
0,0,1767642196.0,3,3,3,1,1,0,19,0,0,25.0,-1,0
0,0,1752533173.0,0,0,0,1,10,0,22,0,0,80.0,-1,0
7,0,1770960761.0,1,1,3,2,4,8,5,4,0,70.0,-1,1
7,0,1769933915.0,2,2,0,3,3,0,8,6,1,96.0,-1,1
7,0,1758580889.0,0,0,4,5,4,8,22,0,0,3.0,-1,1
7,0,1772726948.0,1,1,0,2,0,9,16,3,0,180.0,-1,1
0,0,1742152608.0,0,0,0,1,3,0,19,6,1,56.0,-1,0
0,0,1743345031.0,0,0,0,6,4,0,14,6,1,220.0,-1,0
0,0,1764605276.0,2,2,5,1,15,5,16,0,0,230.0,-1,0
7,0,1767148557.0,2,2,3,4,5,9,2,2,0,71.0,-1,1
0,0,1745273290.0,3,3,5,6,11,9,22,0,0,42.0,-1,0
7,0,1758559041.0,1,1,5,1,7,5,16,0,0,195.0,-1,1
0,0,1737948866.0,1,1,5,1,3,9,3,0,0,207.0,-1,0
0,0,1737323893.0,0,0,0,1,1,8,21,6,1,206.0,-1,0
7,0,1751969227.0,0,0,5,6,4,8,10,1,0,98.0,-1,1
0,0,1768075144.0,0,0,0,6,3,0,19,5,1,25.0,-1,0
7,0,1748481635.0,0,0,1,1,4,9,1,3,0,207.0,-1,1
7,0,1743409260.0,0,0,5,2,1,8,8,0,0,187.0,-1,1
0,0,1753746861.0,3,3,5,1,1,8,23,0,0,49.0,-1,0
7,0,1768261121.0,3,3,4,1,10,4,23,0,0,93.0,-1,1
7,0,1752847247.0,2,2,4,6,2,5,14,4,0,28.0,-1,1
7,0,1759532697.0,3,3,4,3,3,0,23,4,0,177.0,-1,1
0,0,1744167235.0,0,0,0,2,15,9,2,2,0,9.0,-1,0
7,0,1759460453.0,1,1,1,3,11,4,3,4,0,143.0,-1,1
7,0,1758702519.0,1,1,3,4,10,5,8,2,0,208.0,-1,1
0,0,1744792187.0,3,3,1,6,15,0,8,2,0,9.0,-1,0
7,0,1751809181.0,2,2,1,3,5,0,13,6,1,193.0,-1,1
0,0,1772242611.0,1,1,1,6,2,0,1,5,1,37.0,-1,0
0,0,1771624489.0,0,0,0,1,0,8,21,4,0,192.0,-1,0
7,0,1736980986.0,2,2,4,4,2,9,22,2,0,126.0,-1,1
0,0,1742088966.0,1,1,3,3,15,8,1,6,1,228.0,-1,0
0,0,1736185133.0,3,3,5,2,0,4,17,0,0,222.0,-1,0
0,0,1767485838.0,0,0,5,3,1,9,0,6,1,195.0,-1,0
7,0,1763657883.0,0,0,4,3,5,8,16,3,0,7.0,-1,1
7,0,1766556080.0,3,3,5,6,2,5,6,2,0,70.0,-1,1
0,0,1770648517.0,0,0,5,6,10,0,14,0,0,75.0,-1,0
7,0,1763377130.0,3,3,4,3,4,9,10,0,0,58.0,-1,1
7,0,1746069335.0,0,0,0,1,3,5,3,3,0,161.0,-1,1
0,0,1766980261.0,3,3,0,6,0,0,3,0,0,6.0,-1,0
0,0,1771287074.0,3,3,1,5,11,8,0,1,0,24.0,-1,0
0,0,1769215532.0,1,1,3,6,15,9,0,5,1,85.0,-1,0
0,0,1740352245.0,3,3,5,6,3,9,23,6,1,74.0,-1,0
7,0,1758742908.0,2,2,3,1,3,9,19,2,0,168.0,-1,1
7,0,1765536265.0,1,1,5,5,1,4,10,4,0,69.0,-1,1
0,0,1740095722.0,3,3,1,1,5,0,23,3,0,234.0,-1,0
7,0,1771974035.0,1,1,5,1,15,0,23,1,0,158.0,-1,1
7,0,1743349433.0,3,3,5,4,3,8,15,6,1,155.0,-1,1
0,0,1762375772.0,3,3,0,6,11,8,20,2,0,233.0,-1,0
0,0,1753059828.0,0,0,5,5,3,8,1,0,0,236.0,-1,0
7,0,1764289091.0,1,1,4,5,11,5,0,4,0,208.0,-1,1
7,0,1748612620.0,1,1,4,2,6,4,13,4,0,61.0,-1,1
0,0,1772407502.0,0,0,5,6,6,9,23,6,1,228.0,-1,0
0,0,1739848010.0,0,0,3,1,2,9,3,1,0,233.0,-1,0
7,0,1741282466.0,3,3,5,6,2,9,17,3,0,112.0,-1,1
0,0,1771345260.0,3,3,0,6,0,9,16,1,0,229.0,-1,0
7,0,1746942413.0,2,2,0,5,0,4,5,6,1,39.0,-1,1
7,0,1750705142.0,2,2,0,4,6,9,18,0,0,200.0,-1,1
7,0,1761750458.0,3,3,3,3,2,8,15,2,0,114.0,-1,1
7,0,1772170868.0,2,2,2,4,5,5,5,4,0,223.0,-1,1
7,0,1749215951.0,1,1,4,6,11,8,13,4,0,149.0,-1,1
0,0,1768160210.0,0,0,0,1,11,9,19,6,1,88.0,-1,0
7,0,1771446796.0,2,2,0,5,3,5,20,2,0,38.0,-1,1
7,0,1767277512.0,0,0,4,2,10,5,14,3,0,81.0,-1,1
7,0,1752730838.0,2,2,5,5,6,4,5,3,0,148.0,-1,1
7,0,1758597801.0,1,1,2,3,2,9,3,1,0,160.0,-1,1
7,0,1740385229.0,0,0,2,4,4,0,8,0,0,145.0,-1,1
0,0,1745021792.0,2,2,5,1,0,9,0,5,1,199.0,-1,0
7,0,1737081478.0,3,3,5,2,0,4,2,4,0,240.0,-1,1
7,0,1766144959.0,0,0,5,2,11,4,11,4,0,64.0,-1,1
7,0,1767222744.0,2,2,0,2,3,5,23,2,0,149.0,-1,1
0,0,1738461615.0,0,0,0,1,1,5,2,6,1,225.0,-1,0
7,0,1742266639.0,3,3,2,1,10,8,2,1,0,215.0,-1,1
0,0,1746898836.0,0,0,5,1,1,9,17,5,1,231.0,-1,0
0,0,1770778406.0,3,3,2,1,15,5,2,2,0,178.0,-1,0
0,0,1736374989.0,0,0,4,3,15,5,22,2,0,232.0,-1,0
0,0,1761483511.0,0,0,5,6,11,8,12,6,1,32.0,-1,0
0,0,1765839109.0,0,0,2,5,15,8,22,0,0,215.0,-1,0
7,0,1758460278.0,0,0,1,4,6,4,13,6,1,34.0,-1,1
0,0,1770680298.0,0,0,1,6,2,5,23,0,0,230.0,-1,0
0,0,1763376515.0,3,3,0,6,2,0,10,0,0,214.0,-1,0
0,0,1750552868.0,0,0,0,6,2,9,0,6,1,179.0,-1,0
7,0,1769143792.0,0,0,5,2,6,0,4,4,0,93.0,-1,1
7,0,1737860888.0,0,0,4,4,4,4,3,6,1,47.0,-1,1
0,0,1736892667.0,0,0,0,2,1,9,22,1,0,51.0,-1,0
0,0,1770769202.0,0,0,5,1,1,9,0,2,0,34.0,-1,0
0,0,1766165942.0,0,0,5,1,10,0,17,4,0,220.0,-1,0
7,0,1735749350.0,0,0,3,6,15,5,16,2,0,73.0,-1,1
7,0,1761285001.0,0,0,1,4,4,5,5,4,0,39.0,-1,1
0,0,1769985005.0,1,1,5,4,1,0,22,6,1,19.0,-1,0
0,0,1736412693.0,0,0,5,6,2,0,8,3,0,236.0,-1,0
7,0,1748215537.0,2,2,3,6,15,5,23,6,1,213.0,-1,1
0,0,1767152132.0,3,3,5,6,15,9,3,2,0,81.0,-1,0
7,0,1751078799.0,3,3,3,4,2,5,2,5,1,75.0,-1,1
7,0,1767972182.0,1,1,2,1,6,0,15,4,0,62.0,-1,1
7,0,1743753107.0,2,2,5,4,2,0,7,4,0,187.0,-1,1
0,0,1738457479.0,3,3,1,6,3,5,0,6,1,193.0,-1,0
7,0,1771096095.0,0,0,5,5,1,4,19,5,1,113.0,-1,1
7,0,1747135388.0,0,0,2,6,3,4,11,1,0,209.0,-1,1
0,0,1745098439.0,0,0,4,1,1,0,21,5,1,233.0,-1,0
7,0,1750922208.0,2,2,5,3,5,0,7,3,0,164.0,-1,1
7,0,1752013104.0,0,0,2,4,4,0,22,1,0,226.0,-1,1
7,0,1739128188.0,0,0,1,6,5,0,19,6,1,182.0,-1,1
7,0,1746984057.0,1,1,0,6,0,5,17,6,1,39.0,-1,1
7,0,1748886275.0,0,0,3,3,0,8,17,0,0,135.0,-1,1
7,0,1752943079.0,0,0,3,4,0,9,16,5,1,234.0,-1,1
7,0,1742819543.0,3,3,3,1,6,0,12,0,0,15.0,-1,1
7,0,1744446948.0,1,1,5,5,10,4,8,5,1,77.0,-1,1
7,0,1745697665.0,3,3,0,5,10,9,20,5,1,103.0,-1,1
7,0,1744160000.0,0,0,1,1,3,9,0,2,0,91.0,-1,1
7,0,1742476337.0,0,0,1,4,5,0,13,3,0,141.0,-1,1
0,0,1765590871.0,3,3,0,4,1,8,1,5,1,224.0,-1,0
0,0,1758406115.0,2,2,0,2,15,0,22,5,1,70.0,-1,0
0,0,1739483763.0,1,1,0,6,0,0,21,3,0,236.0,-1,0
0,0,1749450046.0,0,0,4,6,15,4,6,0,0,84.0,-1,0
7,0,1755144394.0,2,2,1,4,11,4,4,3,0,203.0,-1,1
0,0,1768670352.0,0,0,0,2,0,0,17,5,1,238.0,-1,0
7,0,1748794943.0,3,3,0,2,6,8,16,6,1,2.0,-1,1
7,0,1767125587.0,0,0,5,4,1,5,20,1,0,180.0,-1,1
7,0,1752799120.0,3,3,3,6,2,9,0,4,0,114.0,-1,1
0,0,1764699320.0,0,0,0,2,10,0,18,1,0,6.0,-1,0
7,0,1747341790.0,1,1,5,1,10,4,20,3,0,133.0,-1,1
7,0,1765678391.0,0,0,1,5,10,9,2,6,1,23.0,-1,1
0,0,1746934006.0,0,0,0,1,2,0,3,6,1,174.0,-1,0
7,0,1752272090.0,0,0,1,5,0,5,22,4,0,113.0,-1,1
7,0,1752656966.0,3,3,0,1,1,5,9,2,0,231.0,-1,1
7,0,1767990416.0,3,3,3,6,3,4,20,4,0,22.0,-1,1
7,0,1766715188.0,1,1,1,3,4,8,2,4,0,214.0,-1,1
7,0,1742256698.0,3,3,3,1,2,5,0,1,0,185.0,-1,1
7,0,1750992367.0,0,0,0,5,0,9,2,4,0,9.0,-1,1
7,0,1749997891.0,2,2,5,2,4,4,14,6,1,17.0,-1,1
7,0,1751155282.0,0,0,3,2,4,8,0,6,1,71.0,-1,1
0,0,1762128547.0,2,2,0,3,15,4,0,0,0,37.0,-1,0
7,0,1743466689.0,2,2,5,2,11,5,0,1,0,158.0,-1,1
0,0,1738915066.0,0,0,5,1,10,0,7,4,0,11.0,-1,0
0,0,1772113366.0,0,0,5,5,2,0,13,3,0,10.0,-1,0
0,0,1761862126.0,0,0,1,2,15,0,22,3,0,215.0,-1,0
0,0,1738558612.0,3,3,1,6,2,9,4,0,0,91.0,-1,0
0,0,1736964037.0,0,0,0,6,2,0,18,2,0,239.0,-1,0
7,0,1758557651.0,3,3,5,1,11,0,16,0,0,11.0,-1,1
0,0,1770598453.0,3,3,4,5,0,4,0,0,0,3.0,-1,0
7,0,1750189161.0,1,1,2,2,10,8,19,1,0,191.0,-1,1
0,0,1743457964.0,3,3,5,3,0,0,21,0,0,95.0,-1,0
0,0,1740335991.0,3,3,3,6,2,0,18,6,1,4.0,-1,0
7,0,1742755108.0,0,0,1,6,10,0,18,6,1,84.0,-1,1
7,0,1735749658.0,1,1,3,5,5,9,16,2,0,110.0,-1,1
0,0,1737072916.0,1,1,4,5,0,0,0,4,0,239.0,-1,0
0,0,1743414226.0,3,3,5,6,2,9,9,0,0,234.0,-1,0
0,0,1771547228.0,3,3,5,5,1,8,0,4,0,177.0,-1,0
7,0,1763825091.0,1,1,2,1,7,9,15,5,1,91.0,-1,1
7,0,1753605931.0,1,1,2,5,1,0,8,6,1,154.0,-1,1
0,0,1744172885.0,0,0,1,5,15,8,4,2,0,227.0,-1,0
0,0,1746559936.0,0,0,5,6,0,0,19,1,0,23.0,-1,0
0,0,1768234736.0,3,3,0,1,10,5,16,0,0,9.0,-1,0
0,0,1758544890.0,0,0,0,6,15,5,12,0,0,78.0,-1,0
0,0,1741653272.0,3,3,2,2,11,0,0,1,0,9.0,-1,0
7,0,1766467207.0,1,1,1,6,0,0,5,1,0,4.0,-1,1
0,0,1739763783.0,3,3,0,1,10,8,3,0,0,198.0,-1,0
0,0,1766873451.0,3,3,5,4,0,0,22,5,1,228.0,-1,0
0,0,1770623859.0,3,3,3,6,15,9,7,0,0,48.0,-1,0
7,0,1768280796.0,0,0,5,1,4,4,5,1,0,64.0,-1,1
0,0,1765413100.0,0,0,5,2,15,4,0,3,0,122.0,-1,0
0,0,1742159088.0,3,3,3,3,15,8,21,6,1,221.0,-1,0
0,0,1740555057.0,3,3,0,6,4,9,7,2,0,3.0,-1,0
0,0,1769227373.0,3,3,0,1,15,4,4,5,1,143.0,-1,0
7,0,1743909796.0,3,3,0,3,0,0,3,6,1,88.0,-1,1
0,0,1772661901.0,0,0,5,3,1,9,22,2,0,24.0,-1,0
7,0,1756789166.0,3,3,1,6,11,8,4,1,0,212.0,-1,1
0,0,1741808821.0,3,3,0,2,0,9,19,2,0,225.0,-1,0
0,0,1758146306.0,0,0,5,1,2,0,21,2,0,4.0,-1,0
7,0,1742935016.0,3,3,1,5,3,0,20,1,0,127.0,-1,1
0,0,1768794645.0,0,0,0,6,10,8,3,0,0,153.0,-1,0
7,0,1736662432.0,2,2,5,1,3,8,6,6,1,127.0,-1,1
0,0,1767902898.0,1,1,5,5,15,0,20,3,0,228.0,-1,0
7,0,1737144918.0,1,1,2,5,6,4,20,4,0,104.0,-1,1
7,0,1769666763.0,2,2,4,3,3,8,6,3,0,89.0,-1,1
7,0,1765163098.0,0,0,2,5,6,5,3,0,0,169.0,-1,1
7,0,1747699785.0,2,2,4,4,10,8,0,1,0,100.0,-1,1
0,0,1768091452.0,2,2,5,6,2,0,0,6,1,186.0,-1,0
0,0,1736804576.0,1,1,1,6,3,0,21,0,0,219.0,-1,0
7,0,1770621658.0,2,2,4,4,11,8,7,0,0,37.0,-1,1
7,0,1766525023.0,2,2,1,3,2,0,21,1,0,141.0,-1,1
7,0,1763238766.0,3,3,4,1,10,5,20,5,1,101.0,-1,1
0,0,1758497705.0,3,3,0,3,11,0,23,6,1,210.0,-1,0
7,0,1765274026.0,3,3,2,3,5,4,9,1,0,94.0,-1,1
0,0,1772357815.0,3,3,0,2,1,8,9,6,1,209.0,-1,0
0,0,1769554339.0,3,3,0,2,6,0,22,1,0,28.0,-1,0
0,0,1736099699.0,3,3,5,2,2,8,17,6,1,207.0,-1,0
7,0,1763108289.0,2,2,1,5,2,5,8,4,0,4.0,-1,1
7,0,1758167247.0,0,0,3,5,2,5,3,3,0,184.0,-1,1
7,0,1749451392.0,1,1,5,3,6,4,6,0,0,62.0,-1,1
0,0,1743379076.0,3,3,0,1,3,9,23,6,1,7.0,-1,0
7,0,1736764916.0,0,0,4,6,0,4,10,0,0,168.0,-1,1
7,0,1768648426.0,1,1,5,2,0,8,11,5,1,3.0,-1,1
7,0,1737124099.0,0,0,0,3,10,9,14,4,0,187.0,-1,1
7,0,1764810972.0,3,3,1,6,3,8,1,3,0,169.0,-1,1
7,0,1754866234.0,3,3,5,1,2,8,22,6,1,158.0,-1,1
7,0,1762415934.0,2,2,3,1,11,4,7,3,0,117.0,-1,1
7,0,1746063375.0,1,1,1,6,5,4,1,3,0,101.0,-1,1
7,0,1770347528.0,3,3,5,5,0,9,3,4,0,61.0,-1,1
7,0,1736114839.0,0,0,1,2,3,5,22,6,1,159.0,-1,1
0,0,1763346290.0,3,3,5,3,3,9,2,0,0,7.0,-1,0
7,0,1742112945.0,0,0,1,2,1,5,8,6,1,92.0,-1,1
7,0,1770621153.0,3,3,2,1,10,4,7,0,0,240.0,-1,1
0,0,1742778443.0,3,3,4,1,6,0,1,0,0,26.0,-1,0
0,0,1768858880.0,0,0,1,6,10,0,21,0,0,238.0,-1,0
7,0,1760504280.0,1,1,0,4,3,8,4,2,0,162.0,-1,1
7,0,1747496242.0,2,2,4,3,5,5,15,5,1,155.0,-1,1
0,0,1736125770.0,1,1,1,6,11,4,1,0,0,22.0,-1,0
0,0,1767496289.0,0,0,0,6,0,5,3,6,1,25.0,-1,0
7,0,1767628307.0,1,1,3,3,10,8,15,0,0,37.0,-1,1
7,0,1753894408.0,0,0,0,3,11,8,16,2,0,176.0,-1,1
0,0,1752997850.0,0,0,0,4,15,8,7,6,1,16.0,-1,0
7,0,1744834084.0,0,0,1,6,10,5,20,2,0,149.0,-1,1
0,0,1739580270.0,3,3,4,1,5,9,0,5,1,18.0,-1,0
7,0,1744793668.0,0,0,5,4,2,4,8,2,0,146.0,-1,1
0,0,1736537398.0,3,3,5,6,11,8,19,4,0,239.0,-1,0
7,0,1749686510.0,1,1,1,6,6,9,0,3,0,17.0,-1,1
7,0,1743941475.0,3,3,3,6,2,8,12,6,1,194.0,-1,1
7,0,1752477847.0,1,1,2,1,5,8,7,0,0,236.0,-1,1
0,0,1737318240.0,3,3,3,1,2,0,20,6,1,33.0,-1,0
0,0,1769987452.0,0,0,4,6,0,4,23,6,1,197.0,-1,0
7,0,1752391871.0,0,0,4,4,10,8,7,6,1,195.0,-1,1
7,0,1743587639.0,2,2,3,2,6,8,9,2,0,142.0,-1,1
7,0,1742981559.0,2,2,5,1,10,4,9,2,0,63.0,-1,1
0,0,1736810864.0,3,3,0,6,6,4,23,0,0,214.0,-1,0
7,0,1772374156.0,2,2,1,4,11,9,14,6,1,200.0,-1,1
7,0,1738963403.0,3,3,3,2,0,0,21,4,0,235.0,-1,1
0,0,1768166622.0,0,0,4,1,2,8,21,6,1,10.0,-1,0
7,0,1735825818.0,0,0,5,1,2,4,13,3,0,219.0,-1,1
7,0,1768293674.0,0,0,4,5,2,4,8,1,0,186.0,-1,1
0,0,1750701158.0,3,3,5,6,11,9,17,0,0,7.0,-1,0
7,0,1738530472.0,0,0,0,5,6,5,21,6,1,7.0,-1,1
0,0,1771746555.0,0,0,5,5,2,9,7,6,1,233.0,-1,0
7,0,1763757522.0,3,3,5,1,2,4,20,4,0,107.0,-1,1
7,0,1767994303.0,1,1,2,3,6,5,21,4,0,14.0,-1,1
0,0,1736029216.0,0,0,0,1,3,4,22,5,1,31.0,-1,0
0,0,1765753299.0,3,3,1,1,2,9,23,6,1,18.0,-1,0
0,0,1771763995.0,0,0,3,6,1,0,12,6,1,239.0,-1,0
0,0,1739998587.0,0,0,2,4,15,0,20,2,0,12.0,-1,0
0,0,1742072591.0,0,0,5,3,2,0,21,5,1,2.0,-1,0
7,0,1766788787.0,0,0,4,6,4,9,22,4,0,79.0,-1,1
0,0,1769985841.0,3,3,0,2,15,5,22,6,1,216.0,-1,0
7,0,1740752114.0,1,1,0,1,3,4,14,4,0,201.0,-1,1
0,0,1752417978.0,3,3,5,1,1,0,14,6,1,239.0,-1,0
0,0,1764110178.0,0,0,5,1,10,0,22,1,0,115.0,-1,0
0,0,1753044730.0,0,0,3,2,15,9,20,6,1,2.0,-1,0
7,0,1765017070.0,1,1,4,2,4,9,10,5,1,206.0,-1,1
7,0,1757632829.0,1,1,3,6,11,0,23,3,0,161.0,-1,1
7,0,1766098709.0,2,2,2,2,10,4,22,3,0,203.0,-1,1
0,0,1768915146.0,0,0,5,6,15,8,13,1,0,169.0,-1,0
7,0,1759223198.0,0,0,0,3,6,4,9,1,0,222.0,-1,1
7,0,1768333225.0,2,2,0,4,10,4,19,1,0,85.0,-1,1
7,0,1755435331.0,2,2,2,5,10,4,12,6,1,93.0,-1,1
0,0,1742116872.0,2,2,4,6,15,9,9,6,1,94.0,-1,0
7,0,1746097306.0,2,2,1,5,3,8,11,3,0,119.0,-1,1
0,0,1745794923.0,0,0,5,6,0,8,23,6,1,47.0,-1,0
7,0,1764421418.0,0,0,1,1,6,5,13,5,1,215.0,-1,1
7,0,1759913741.0,0,0,1,4,3,5,8,2,0,201.0,-1,1
7,0,1742565507.0,1,1,4,6,15,9,13,4,0,51.0,-1,1
0,0,1772323543.0,3,3,4,6,15,4,0,6,1,64.0,-1,0
7,0,1739746142.0,2,2,2,5,2,8,22,6,1,200.0,-1,1
7,0,1747813583.0,2,2,2,4,10,5,7,2,0,41.0,-1,1
7,0,1770282063.0,2,2,4,4,6,0,9,3,0,80.0,-1,1
7,0,1746992014.0,2,2,2,5,3,4,19,6,1,53.0,-1,1
0,0,1767756174.0,0,0,0,1,3,9,3,2,0,218.0,-1,0
7,0,1741722289.0,0,0,1,3,6,5,19,1,0,57.0,-1,1
0,0,1769993802.0,3,3,3,3,4,0,0,0,0,230.0,-1,0
7,0,1751636050.0,2,2,3,4,2,9,13,4,0,165.0,-1,1
7,0,1751470412.0,2,2,1,6,10,0,15,2,0,18.0,-1,1
7,0,1757302569.0,1,1,0,5,2,5,3,0,0,181.0,-1,1
7,0,1743264132.0,3,3,1,2,2,4,16,5,1,187.0,-1,1
7,0,1739611726.0,0,0,4,6,2,0,9,5,1,195.0,-1,1
7,0,1770164083.0,1,1,1,2,11,8,0,2,0,101.0,-1,1
7,0,1740060652.0,1,1,5,2,10,9,14,3,0,12.0,-1,1
0,0,1769241543.0,0,0,2,1,0,0,7,5,1,221.0,-1,0
0,0,1738755457.0,3,3,5,6,15,0,11,2,0,152.0,-1,0
0,0,1769923884.0,0,0,4,2,2,9,5,6,1,238.0,-1,0
0,0,1742153441.0,0,0,0,6,0,8,19,6,1,107.0,-1,0
7,0,1760667072.0,3,3,4,5,0,9,2,4,0,168.0,-1,1
7,0,1767657513.0,1,1,3,4,2,0,23,0,0,142.0,-1,1
0,0,1741057038.0,0,0,0,3,0,5,2,1,0,11.0,-1,0
0,0,1771539260.0,3,3,0,1,0,4,22,3,0,186.0,-1,0
0,0,1738038366.0,0,0,5,6,10,9,4,1,0,188.0,-1,0
0,0,1760230858.0,3,3,4,1,2,0,1,6,1,43.0,-1,0
7,0,1743475687.0,0,0,5,2,2,8,2,1,0,181.0,-1,1
7,0,1737796184.0,2,2,2,4,10,0,9,5,1,86.0,-1,1
0,0,1741061603.0,3,3,5,6,0,4,4,1,0,216.0,-1,0
0,0,1768046608.0,0,0,0,5,11,9,12,5,1,216.0,-1,0
0,0,1768338761.0,0,0,5,5,1,0,21,1,0,231.0,-1,0
0,0,1770338009.0,3,3,0,4,2,0,0,4,0,229.0,-1,0
7,0,1769242735.0,2,2,5,5,2,5,8,5,1,211.0,-1,1
0,0,1769137228.0,3,3,1,1,15,5,3,4,0,98.0,-1,0
0,0,1739657626.0,3,3,5,6,1,0,22,5,1,50.0,-1,0
7,0,1762734230.0,2,2,1,3,5,0,0,0,0,29.0,-1,1
7,0,1743084615.0,3,3,3,1,1,0,14,3,0,122.0,-1,1
7,0,1752594071.0,2,2,4,4,10,4,15,1,0,94.0,-1,1
7,0,1751270287.0,2,2,3,2,2,5,7,0,0,54.0,-1,1
7,0,1768684385.0,3,3,4,4,0,5,21,5,1,26.0,-1,1
0,0,1768846008.0,3,3,0,1,2,9,18,0,0,43.0,-1,0
7,0,1741810472.0,2,2,0,5,3,9,20,2,0,190.0,-1,1
7,0,1746656499.0,2,2,2,2,0,5,22,2,0,64.0,-1,1
7,0,1768352998.0,0,0,0,2,3,9,1,2,0,146.0,-1,1
0,0,1739662497.0,0,0,0,5,2,9,23,5,1,208.0,-1,0
0,0,1759188743.0,3,3,0,6,0,5,23,0,0,138.0,-1,0
7,0,1761522781.0,2,2,1,2,10,5,23,6,1,41.0,-1,1
7,0,1769198765.0,0,0,3,2,1,5,20,4,0,234.0,-1,1
0,0,1740524653.0,0,0,0,5,2,9,23,1,0,61.0,-1,0
0,0,1762206072.0,3,3,5,4,1,8,21,0,0,232.0,-1,0
7,0,1739152747.0,2,2,5,1,6,5,1,0,0,3.0,-1,1
7,0,1767118317.0,1,1,5,1,3,9,18,1,0,229.0,-1,1
7,0,1764748446.0,3,3,3,6,2,5,7,2,0,222.0,-1,1
7,0,1741911880.0,2,2,0,1,1,9,0,4,0,101.0,-1,1
7,0,1762717173.0,1,1,0,5,15,9,19,6,1,129.0,-1,1
0,0,1737162279.0,2,2,4,6,11,9,1,5,1,229.0,-1,0
7,0,1771773411.0,0,0,0,6,6,9,15,6,1,155.0,-1,1
0,0,1738550042.0,0,0,4,1,0,4,2,0,0,50.0,-1,0
7,0,1766805910.0,2,2,1,2,11,0,3,5,1,103.0,-1,1
7,0,1739388661.0,1,1,0,6,0,5,19,2,0,97.0,-1,1
0,0,1762207805.0,3,3,0,1,1,0,22,0,0,55.0,-1,0
7,0,1743978981.0,3,3,5,3,1,5,22,6,1,74.0,-1,1
0,0,1771301391.0,0,0,0,1,2,9,4,1,0,216.0,-1,0
7,0,1753544642.0,0,0,3,3,4,9,15,5,1,70.0,-1,1
0,0,1770245541.0,3,3,0,5,2,0,22,2,0,53.0,-1,0
7,0,1758194517.0,0,0,0,3,1,0,11,3,0,130.0,-1,1
0,0,1764378854.0,0,0,0,6,2,9,1,5,1,31.0,-1,0
0,0,1768091706.0,0,0,5,1,2,0,0,6,1,208.0,-1,0
7,0,1741340371.0,1,1,4,2,2,0,9,4,0,4.0,-1,1
7,0,1755087220.0,0,0,5,5,2,4,12,2,0,203.0,-1,1
7,0,1766073927.0,0,0,4,3,0,5,16,3,0,168.0,-1,1
0,0,1736129351.0,0,0,5,4,11,9,2,0,0,110.0,-1,0
7,0,1745903000.0,3,3,3,3,3,8,5,1,0,134.0,-1,1
0,0,1759732683.0,0,0,2,1,15,8,6,0,0,213.0,-1,0
7,0,1743346834.0,1,1,4,1,10,4,15,6,1,20.0,-1,1
0,0,1743087711.0,3,3,0,2,15,0,15,3,0,75.0,-1,0
7,0,1751239998.0,2,2,5,4,10,5,23,6,1,235.0,-1,1
0,0,1748238009.0,0,0,0,2,15,4,5,0,0,159.0,-1,0
0,0,1739134141.0,0,0,3,6,10,0,20,6,1,69.0,-1,0
7,0,1759678604.0,1,1,3,1,11,4,15,6,1,151.0,-1,1
7,0,1759074614.0,2,2,5,2,3,9,15,6,1,64.0,-1,1
0,0,1737492274.0,0,0,3,6,6,0,20,1,0,7.0,-1,0
7,0,1766390005.0,1,1,1,5,4,9,7,0,0,129.0,-1,1
0,0,1735982701.0,0,0,0,6,11,0,9,5,1,74.0,-1,0
0,0,1739914045.0,0,0,5,1,1,9,21,1,0,118.0,-1,0
7,0,1752449445.0,0,0,3,3,4,4,23,6,1,193.0,-1,1
7,0,1742105725.0,2,2,3,5,6,4,6,6,1,130.0,-1,1
0,0,1740383464.0,0,0,5,3,10,0,7,0,0,240.0,-1,0
7,0,1763574994.0,0,0,2,2,6,8,17,2,0,155.0,-1,1
0,0,1770079151.0,3,3,0,1,3,0,0,1,0,225.0,-1,0
7,0,1759696794.0,3,3,2,4,6,9,20,6,1,172.0,-1,1
7,0,1759420666.0,2,2,1,1,10,5,15,3,0,88.0,-1,1
0,0,1738168161.0,0,0,5,1,10,9,16,2,0,7.0,-1,0
0,0,1769887437.0,0,0,3,1,10,9,19,5,1,2.0,-1,0
0,0,1768336550.0,3,3,5,6,3,0,20,1,0,173.0,-1,0
0,0,1766264776.0,2,2,5,2,15,0,21,5,1,136.0,-1,0
0,0,1754216245.0,3,3,5,1,15,9,10,6,1,104.0,-1,0
0,0,1740734010.0,0,0,0,1,10,0,9,4,0,217.0,-1,0
7,0,1756474725.0,0,0,3,6,2,9,13,4,0,236.0,-1,1
7,0,1762423328.0,1,1,4,3,10,0,10,3,0,230.0,-1,1
0,0,1752363120.0,0,0,1,5,15,4,23,5,1,233.0,-1,0
7,0,1766600210.0,0,0,3,1,6,0,18,2,0,180.0,-1,1
7,0,1750426504.0,3,3,4,1,1,8,13,4,0,101.0,-1,1
7,0,1761411346.0,3,3,2,1,3,0,16,5,1,75.0,-1,1
7,0,1749906993.0,0,0,2,5,2,9,13,5,1,144.0,-1,1
0,0,1756092137.0,3,3,3,1,2,0,3,0,0,236.0,-1,0
0,0,1760675660.0,0,0,4,1,15,9,4,4,0,143.0,-1,0
0,0,1754787000.0,0,0,4,6,0,8,0,6,1,51.0,-1,0
0,0,1740437765.0,3,3,5,6,1,4,22,0,0,31.0,-1,0
7,0,1771632919.0,1,1,5,5,10,5,0,5,1,176.0,-1,1
0,0,1759891738.0,3,3,3,6,15,8,2,2,0,13.0,-1,0
0,0,1771458323.0,3,3,2,6,1,9,23,2,0,183.0,-1,0
7,0,1763297417.0,0,0,3,6,15,9,12,6,1,136.0,-1,1
0,0,1772598274.0,3,3,0,6,0,4,4,2,0,14.0,-1,0
0,0,1768150014.0,0,0,3,2,15,9,16,6,1,186.0,-1,0
7,0,1741028532.0,2,2,2,2,0,8,19,0,0,194.0,-1,1
0,0,1763943338.0,0,0,1,1,2,0,0,0,0,92.0,-1,0
0,0,1739737456.0,3,3,0,6,1,4,20,6,1,172.0,-1,0
7,0,1764498637.0,2,2,2,5,11,9,10,6,1,224.0,-1,1
7,0,1752701775.0,1,1,2,6,3,9,21,2,0,111.0,-1,1
0,0,1743213502.0,3,3,1,5,0,9,1,5,1,208.0,-1,0
7,0,1739058704.0,0,0,4,2,10,5,23,5,1,44.0,-1,1
0,0,1765764453.0,1,1,4,1,1,9,2,0,0,4.0,-1,0
7,0,1751343730.0,2,2,5,2,4,0,4,1,0,77.0,-1,1
0,0,1745275856.0,3,3,4,2,15,9,22,0,0,101.0,-1,0
7,0,1740118160.0,3,3,1,2,3,8,6,4,0,133.0,-1,1
7,0,1758260444.0,2,2,0,6,11,8,5,4,0,128.0,-1,1
7,0,1746054400.0,2,2,2,4,10,9,23,2,0,114.0,-1,1
0,0,1737219351.0,3,3,3,3,15,8,16,5,1,235.0,-1,0
7,0,1757239134.0,2,2,4,6,15,0,9,6,1,165.0,-1,1
7,0,1743659086.0,3,3,5,5,0,4,5,3,0,57.0,-1,1
0,0,1737350300.0,3,3,5,3,2,0,5,0,0,56.0,-1,0
0,0,1735953171.0,0,0,0,2,11,5,1,5,1,165.0,-1,0
0,0,1747422791.0,0,0,4,6,15,0,19,4,0,145.0,-1,0
7,0,1736732619.0,0,0,0,2,7,9,1,0,0,106.0,-1,1
7,0,1763574447.0,3,3,2,4,5,8,17,2,0,142.0,-1,1
0,0,1770653996.0,0,0,5,2,0,9,16,0,0,189.0,-1,0
0,0,1737294675.0,3,3,1,1,0,9,13,6,1,29.0,-1,0
7,0,1766738744.0,3,3,0,5,2,9,8,4,0,73.0,-1,1
0,0,1772308977.0,3,3,2,2,10,0,20,5,1,26.0,-1,0
0,0,1740267681.0,0,0,4,1,0,9,23,5,1,72.0,-1,0
0,0,1743369774.0,0,0,5,3,0,0,21,6,1,49.0,-1,0
0,0,1744663120.0,0,0,1,1,1,0,20,0,0,224.0,-1,0
7,0,1745359130.0,1,1,2,4,11,9,21,1,0,10.0,-1,1
0,0,1757286888.0,3,3,5,6,3,0,23,6,1,57.0,-1,0
7,0,1755915608.0,3,3,0,2,2,9,2,5,1,184.0,-1,1
7,0,1740539238.0,1,1,3,2,6,4,3,2,0,32.0,-1,1
7,0,1754521910.0,3,3,4,1,10,0,23,2,0,83.0,-1,1
7,0,1745080333.0,3,3,4,5,2,4,16,5,1,141.0,-1,1
0,0,1765071624.0,3,3,4,2,11,9,1,6,1,207.0,-1,0
0,0,1759077758.0,0,0,3,6,11,0,16,6,1,13.0,-1,0
0,0,1752984089.0,3,3,0,5,1,0,4,6,1,209.0,-1,0
7,0,1736476014.0,3,3,4,2,2,5,2,4,0,125.0,-1,1
0,0,1741479217.0,0,0,0,5,2,4,0,6,1,31.0,-1,0
7,0,1759145758.0,2,2,2,4,3,0,11,0,0,50.0,-1,1
0,0,1763258438.0,0,0,1,6,10,9,2,6,1,12.0,-1,0
7,0,1742830618.0,0,0,3,1,5,4,15,0,0,153.0,-1,1
7,0,1772789313.0,0,0,2,3,2,4,9,4,0,141.0,-1,1
7,0,1751655639.0,2,2,2,2,2,8,19,4,0,217.0,-1,1
7,0,1757749809.0,3,3,0,2,2,5,7,5,1,205.0,-1,1
0,0,1751319806.0,1,1,4,6,15,0,21,0,0,10.0,-1,0
